Tempo;v_0;v_1;v_2
0;0;0;0
100;0.105305;0.222894;4.18738
200;0.223019;0.51016;4.18738
300;0.356461;0.914792;4.18738
400;0.510492;1.60545;4.18738
500;0.692647;5.79282;4.18738
600;0.915541;5.79282;4.18738
700;1.20281;5.79282;4.18738
800;1.60744;5.79282;4.18738
900;2.29809;5.79282;4.18738
